"round","total_losses","total_herd","mortality_rate_pct","avg_spi3"
1,275224,119357,230.59,0.558212202410029
2,60888,119332,51.02,0.22687295690954
3,191568,88062,217.54,-0.205952755246142
4,65952,75446,87.42,-0.687217198504921
5,51768,78417,66.02,-0.179175126775142
6,80152,72735,110.2,0.288311581036682
7,28057,56051,50.06,-0.156461398546503
